{"train/loss": 1.7047, "train/learning_rate": 2.3797595190380762e-05, "train/epoch": 0.49, "train/global_step": 25, "_timestamp": 1702912365.7073104, "_runtime": 24.51719045639038, "_step": 0, "_wandb": {"runtime": 26}}