{"train/loss": 0.0593, "train/learning_rate": 0.0, "train/epoch": 9.8, "train/global_step": 500, "_timestamp": 1702913927.3110862, "_runtime": 1402.99254322052, "_step": 40, "eval/loss": 0.05504317954182625, "eval/runtime": 21.3015, "eval/samples_per_second": 4.741, "eval/steps_per_second": 0.61, "train/train_runtime": 1403.0116, "train/train_samples_per_second": 0.713, "train/train_steps_per_second": 0.356, "train/total_flos": 1.8012754280275968e+16, "train/train_loss": 0.36708610367774963, "_wandb": {"runtime": 1402}}